,px,normal duck egg,all
0,0.0,0.41086846114779074,0.5194704250507174
1,0.001001001001001001,0.41086846114779074,0.5252622049798129
2,0.002002002002002002,0.4837336630909992,0.531111226120647
3,0.003003003003003003,0.5270145242157954,0.5370103653765839
4,0.004004004004004004,0.5552582672202401,0.5429690953069303
5,0.005005005005005005,0.5765850170765064,0.5489518216233008
6,0.006006006006006006,0.5937406633078323,0.554990940516091
7,0.007007007007007007,0.6076673791222478,0.5610656770922313
8,0.008008008008008008,0.6197973506328756,0.5671611279785487
9,0.009009009009009009,0.6304913189060553,0.5733112017074085
10,0.01001001001001001,0.6385209911291403,0.5794961799509855
11,0.011011011011011011,0.6454099418357119,0.5857117684356499
12,0.012012012012012012,0.651450127003816,0.5919533341273608
13,0.013013013013013013,0.6568200364617733,0.5982078179788346
14,0.014014014014014014,0.6638858893111005,0.6045037726441866
15,0.015015015015015015,0.6697742054592023,0.6108466145045682
16,0.016016016016016016,0.6734733559295463,0.617217399948813
17,0.017017017017017015,0.6766209063610537,0.6236100675904914
18,0.018018018018018018,0.6793675477906987,0.6300276797769097
19,0.01901901901901902,0.6814544628270397,0.6364679652433243
20,0.02002002002002002,0.6865164913887798,0.6429435278205695
21,0.02102102102102102,0.6899937148868185,0.6494460083084644
22,0.022022022022022022,0.692933585093589,0.6559585072097319
23,0.023023023023023025,0.6968463334349797,0.6625049610783399
24,0.024024024024024024,0.6994258836959347,0.6690647522336834
25,0.025025025025025023,0.7027615704144977,0.6756474103019181
26,0.026026026026026026,0.7062492375316659,0.6822387952369935
27,0.02702702702702703,0.7091685393303219,0.6888569083878846
28,0.028028028028028028,0.7117245632005748,0.6940536353689002
29,0.029029029029029027,0.7147636875954558,0.6984222666728664
30,0.03003003003003003,0.7159875032826969,0.7022513458851636
31,0.031031031031031032,0.7188635246800902,0.705690522748341
32,0.03203203203203203,0.7206800265309421,0.7088216617265545
33,0.03303303303303303,0.7217364563499757,0.7116937749910939
34,0.03403403403403403,0.7245222213196417,0.7143412696741089
35,0.035035035035035036,0.7263023515702154,0.7167964499502939
36,0.036036036036036036,0.7278634738656785,0.719105864131932
37,0.037037037037037035,0.72918831142505,0.721299283092822
38,0.03803803803803804,0.7298471375729606,0.723390899029779
39,0.03903903903903904,0.7319621490807322,0.7254004459520296
40,0.04004004004004004,0.7343533960272536,0.7272769984386518
41,0.04104104104104104,0.735778518804277,0.7290504293076564
42,0.04204204204204204,0.7368945108733944,0.7307550515311497
43,0.043043043043043044,0.7381666826551128,0.7323929713946061
44,0.044044044044044044,0.7393230199349424,0.7339960988809814
45,0.04504504504504504,0.7411221525872953,0.7355838318930366
46,0.04604604604604605,0.742494966030431,0.7370815045645619
47,0.04704704704704705,0.74300590511243,0.7385159678437812
48,0.04804804804804805,0.7447376084467976,0.7399315675142867
49,0.04904904904904905,0.7454178100703137,0.7412894839961466
50,0.050050050050050046,0.746584022627757,0.7426088750133532
51,0.05105105105105105,0.7470290928366374,0.7438956706984919
52,0.05205205205205205,0.7483922318432364,0.7451289233326275
53,0.05305305305305305,0.7487667391227929,0.7463174633944496
54,0.05405405405405406,0.749814720718074,0.7474807164129774
55,0.055055055055055056,0.7505413070473932,0.7485976365419419
56,0.056056056056056056,0.7519830370985561,0.7497010602976958
57,0.057057057057057055,0.7534287511967228,0.7507582721346422
58,0.058058058058058054,0.7541451556137522,0.7517815631420325
59,0.05905905905905906,0.7548195794666519,0.7527846993365555
60,0.06006006006006006,0.7557055129914854,0.7537473305322545
61,0.06106106106106106,0.7563011143926813,0.7546555501376495
62,0.062062062062062065,0.7572743088410981,0.7555570920311365
63,0.06306306306306306,0.7581225397886314,0.7564566220645603
64,0.06406406406406406,0.7593069294965529,0.7573540268143086
65,0.06506506506506507,0.7595900661288323,0.7582317366872589
66,0.06606606606606606,0.7602191797784347,0.7590680914306266
67,0.06706706706706707,0.7604090893277045,0.7598732574785907
68,0.06806806806806806,0.7601548193973309,0.7606725025130894
69,0.06906906906906907,0.7611270495958353,0.7614660213656876
70,0.07007007007007007,0.7624288464418564,0.7622646295170231
71,0.07107107107107107,0.7628977976365727,0.76304522931756
72,0.07207207207207207,0.7631513421270002,0.7638006210975399
73,0.07307307307307308,0.7651291682893673,0.7645671557310277
74,0.07407407407407407,0.7661000740098384,0.7653015381884565
75,0.07507507507507508,0.7667148255734687,0.7660456141618824
76,0.07607607607607608,0.7683881503565775,0.7667817128261338
77,0.07707707707707707,0.7691451218725729,0.767522476257927
78,0.07807807807807808,0.7697840824832528,0.7682510506998723
79,0.07907907907907907,0.771050467145491,0.7689796495636729
80,0.08008008008008008,0.771726614172647,0.7696986771181525
81,0.08108108108108109,0.772262114826151,0.7704144506198861
82,0.08208208208208208,0.7727813283643526,0.7711210277337439
83,0.08308308308308308,0.7728678679078516,0.7718219182320137
84,0.08408408408408408,0.7728964022706409,0.7725237132769922
85,0.08508508508508508,0.7736164123002893,0.7732201132163048
86,0.08608608608608609,0.7726215514453608,0.7739042739152386
87,0.08708708708708708,0.7738421104335249,0.7745833725964794
88,0.08808808808808809,0.7750643431296572,0.7752540067990231
89,0.0890890890890891,0.7756147798101285,0.7759118019275976
90,0.09009009009009009,0.7767253526011878,0.7765586365817709
91,0.09109109109109109,0.7770074879390109,0.7772075311863607
92,0.0920920920920921,0.7768419872504395,0.7778489599811492
93,0.09309309309309309,0.7776560076328325,0.7785060895568667
94,0.0940940940940941,0.7786361441376264,0.7791714345937257
95,0.09509509509509509,0.7800520356530547,0.7798149498561139
96,0.0960960960960961,0.7809327424146697,0.7804259772669969
97,0.0970970970970971,0.7810199468094082,0.7810382376177266
98,0.0980980980980981,0.7820991714203148,0.7816539211822396
99,0.0990990990990991,0.7821911137756576,0.7822337239733779
100,0.10010010010010009,0.7833656847150449,0.78279682661077
101,0.1011011011011011,0.7841250545045744,0.7833577917879518
102,0.1021021021021021,0.7848080278580964,0.7838999878087289
103,0.1031031031031031,0.7855495283824433,0.7844281564531991
104,0.1041041041041041,0.7859252811766264,0.7849684005120432
105,0.10510510510510511,0.7864851259965328,0.7854867644451173
106,0.1061061061061061,0.7870457556357962,0.7860007285471766
107,0.10710710710710711,0.7880184699053049,0.7864991736859014
108,0.10810810810810811,0.7891741666084852,0.7870032384075695
109,0.1091091091091091,0.7899367029076523,0.7875273298816914
110,0.11011011011011011,0.7903359763715954,0.7880620188094016
111,0.1111111111111111,0.7905977086371144,0.7885858633514633
112,0.11211211211211211,0.7909351471359582,0.7891438773615002
113,0.11311311311311312,0.791476653170829,0.7896848870612211
114,0.11411411411411411,0.7916700913459315,0.7902009142756314
115,0.11511511511511512,0.7922954968593973,0.7907036926710296
116,0.11611611611611611,0.7926836909628978,0.7911859577958484
117,0.11711711711711711,0.7929320483126574,0.7916701160143049
118,0.11811811811811812,0.7939226976892999,0.7921618379224887
119,0.11911911911911911,0.7940874162771373,0.7926502671668255
120,0.12012012012012012,0.7939463279776242,0.7931238352537087
121,0.12112112112112113,0.7935912443968924,0.7935720790405075
122,0.12212212212212212,0.7941230755237926,0.7940159591486483
123,0.12312312312312312,0.7945512039171652,0.7944651549989118
124,0.12412412412412413,0.7946991106374168,0.7948904344771227
125,0.12512512512512514,0.7948183085168372,0.7953216118142791
126,0.12612612612612611,0.7953240496097421,0.795733529348662
127,0.12712712712712712,0.7960401474162119,0.7961359398983665
128,0.12812812812812813,0.7960817227405431,0.7965242035484361
129,0.12912912912912913,0.797336529484302,0.7968968022170173
130,0.13013013013013014,0.7974870277322857,0.7972645420846745
131,0.13113113113113112,0.797938783377665,0.7976171963186812
132,0.13213213213213212,0.7976828169011134,0.7979579740569239
133,0.13313313313313313,0.7984886291694248,0.7982767992411179
134,0.13413413413413414,0.7995965330880682,0.7985758742900806
135,0.13513513513513514,0.800165537583867,0.7988548780077888
136,0.13613613613613612,0.800332483945434,0.799138377806378
137,0.13713713713713713,0.8010802659572431,0.7994153461141573
138,0.13813813813813813,0.8014336051192896,0.7996904827132932
139,0.13913913913913914,0.8013817310645892,0.7999563324551346
140,0.14014014014014015,0.8012564779754346,0.8002269696139745
141,0.14114114114114115,0.8013208739669391,0.800493284352405
142,0.14214214214214213,0.8016995570802915,0.800768430141802
143,0.14314314314314314,0.801919804567809,0.8010417188497013
144,0.14414414414414414,0.8025658990940061,0.8012997973275308
145,0.14514514514514515,0.8027881165686716,0.8015498013236717
146,0.14614614614614616,0.8029124687797944,0.8018084768086302
147,0.14714714714714713,0.8035706279298576,0.8020881254428722
148,0.14814814814814814,0.8039289351728486,0.8023713308758245
149,0.14914914914914915,0.8037884248090661,0.8026433987559884
150,0.15015015015015015,0.8041811579706307,0.8029293131219576
151,0.15115115115115116,0.8043734789685801,0.8032154718820486
152,0.15215215215215216,0.8046479925394971,0.8034956694182555
153,0.15315315315315314,0.8046094740116477,0.8037665789415499
154,0.15415415415415415,0.8045520604800832,0.8040383983959724
155,0.15515515515515516,0.8046800144271373,0.8042806459695842
156,0.15615615615615616,0.8044704919308795,0.8045316297909582
157,0.15715715715715717,0.8044254202861685,0.8047670831162845
158,0.15815815815815815,0.8042785542991981,0.8050166021956844
159,0.15915915915915915,0.8044269941055907,0.8052618614180437
160,0.16016016016016016,0.804165892510764,0.8054924293507079
161,0.16116116116116116,0.8047944660996514,0.8057152145819068
162,0.16216216216216217,0.8047230923338606,0.8059271426215886
163,0.16316316316316315,0.8049671136918931,0.8061383721388832
164,0.16416416416416416,0.8050349900047401,0.8063556615015302
165,0.16516516516516516,0.8054725864467723,0.806574242151115
166,0.16616616616616617,0.8058775485193433,0.806793313162562
167,0.16716716716716717,0.8067161262221477,0.8070134164488106
168,0.16816816816816815,0.8068697724155219,0.8072321903900815
169,0.16916916916916916,0.8070847000586038,0.8074499571104798
170,0.17017017017017017,0.8068376200803192,0.8076641875688069
171,0.17117117117117117,0.807138777710506,0.807874862581014
172,0.17217217217217218,0.807853324743238,0.8080931165583468
173,0.17317317317317318,0.8085665526043558,0.808302073986165
174,0.17417417417417416,0.8084266658055346,0.8085098218127078
175,0.17517517517517517,0.8092807433018387,0.8087181596018519
176,0.17617617617617617,0.8094124052814755,0.808925545868902
177,0.17717717717717718,0.8096141239562932,0.8091288417947113
178,0.1781781781781782,0.809856533104233,0.8093303752430868
179,0.17917917917917917,0.8099445149160864,0.8095426897291733
180,0.18018018018018017,0.8096911557385061,0.8097651359202419
181,0.18118118118118118,0.8102872026223588,0.8099960556258726
182,0.18218218218218218,0.8099469029693037,0.8102312961617072
183,0.1831831831831832,0.8104082899505104,0.8104749521116517
184,0.1841841841841842,0.810996849509746,0.8107248174620237
185,0.18518518518518517,0.8113554976539413,0.8109739931902481
186,0.18618618618618618,0.8115275843750096,0.8112258387942206
187,0.1871871871871872,0.8111408139692117,0.8114687338097359
188,0.1881881881881882,0.8118529713392586,0.8117153217546191
189,0.1891891891891892,0.812515362614287,0.8119672136859535
190,0.19019019019019018,0.8125293441934192,0.8122211164149818
191,0.19119119119119118,0.8124290995592306,0.8124704361044564
192,0.1921921921921922,0.8125461415656212,0.8127170034168244
193,0.1931931931931932,0.812857028085107,0.8129447960235966
194,0.1941941941941942,0.8130259073081264,0.8131632416865142
195,0.19519519519519518,0.8134916524686877,0.813379866232768
196,0.1961961961961962,0.8135325421912335,0.8136235154455441
197,0.1971971971971972,0.8140434216237633,0.8138635714007316
198,0.1981981981981982,0.8142274567485853,0.8140855855021774
199,0.1991991991991992,0.8145240743265261,0.8142960557592186
200,0.20020020020020018,0.8144136520554214,0.8145154443361664
201,0.2012012012012012,0.8147578575901891,0.8147158618547458
202,0.2022022022022022,0.8147415711848585,0.8149158630697692
203,0.2032032032032032,0.8149261984066454,0.815113000351276
204,0.2042042042042042,0.8154375128020632,0.8153064757174627
205,0.20520520520520522,0.8158968162245739,0.8154993170259454
206,0.2062062062062062,0.8164569194143028,0.8156949909370382
207,0.2072072072072072,0.8164677592584384,0.815875509224386
208,0.2082082082082082,0.8168518737333459,0.8160617997706672
209,0.2092092092092092,0.8170216871681723,0.8162424240723456
210,0.21021021021021022,0.81713495624504,0.8164146481579144
211,0.2112112112112112,0.8170100183133507,0.8165781760467805
212,0.2122122122122122,0.8171821118909302,0.8167336703963631
213,0.2132132132132132,0.8172990775229027,0.8168980640079034
214,0.21421421421421422,0.8178136021899483,0.8170437916308606
215,0.21521521521521522,0.8179840291851919,0.8171781518539175
216,0.21621621621621623,0.818187890609972,0.8173138583044793
217,0.2172172172172172,0.8184524814501134,0.81743254963884
218,0.2182182182182182,0.8183335491675257,0.8175563581669755
219,0.21921921921921922,0.8180105012243198,0.8176761454050007
220,0.22022022022022023,0.8181325519175491,0.8178023960864802
221,0.22122122122122123,0.819263729931903,0.8179211250157128
222,0.2222222222222222,0.8193816314250716,0.8180498590577938
223,0.22322322322322322,0.8191760439169717,0.8181721739697885
224,0.22422422422422422,0.8193005357134604,0.8182985534175039
225,0.22522522522522523,0.819615483229872,0.8184265834571594
226,0.22622622622622623,0.8195020367493842,0.8185599095900017
227,0.2272272272272272,0.8196124672476706,0.8186913183196967
228,0.22822822822822822,0.8196681253131372,0.8188339039582789
229,0.22922922922922923,0.8197237767797557,0.8189826500688621
230,0.23023023023023023,0.8197794216486998,0.819124511703019
231,0.23123123123123124,0.8196705252042478,0.8192678934094509
232,0.23223223223223222,0.8194936352770957,0.8193934153032171
233,0.23323323323323322,0.8194477208296366,0.8195236913561192
234,0.23423423423423423,0.8196201293361145,0.8196659514532638
235,0.23523523523523523,0.8197802778737546,0.8198112037923478
236,0.23623623623623624,0.8196954199861092,0.8199651452696258
237,0.23723723723723725,0.8194577962037234,0.8201308379278723
238,0.23823823823823823,0.819524888157766,0.8202963273407574
239,0.23923923923923923,0.8192850801100738,0.820464572899847
240,0.24024024024024024,0.8193677339901919,0.8206092455270597
241,0.24124124124124124,0.8194503731720774,0.8207439297552614
242,0.24224224224224225,0.8184823576116299,0.8208716031153813
243,0.24324324324324323,0.8188603765005228,0.8209922307852262
244,0.24424424424424424,0.8189661772243859,0.8211179103332196
245,0.24524524524524524,0.8194646920635829,0.821252868921536
246,0.24624624624624625,0.8195468278595528,0.8213887075505446
247,0.24724724724724725,0.8200979783373681,0.821505657309946
248,0.24824824824824826,0.8202814821354888,0.8216164173594602
249,0.24924924924924924,0.8206728085820713,0.8217242662455649
250,0.2502502502502503,0.821053606348957,0.821815557889464
251,0.25125125125125125,0.8212132848303806,0.8219038511669616
252,0.25225225225225223,0.821459702804638,0.8219919675487324
253,0.25325325325325326,0.822013438752551,0.8220837846139013
254,0.25425425425425424,0.8225122500463822,0.8221801546607331
255,0.2552552552552553,0.8226724561440651,0.822278617402261
256,0.25625625625625625,0.8232092832526047,0.8223737465387823
257,0.25725725725725723,0.8228585359963732,0.8224812408075454
258,0.25825825825825827,0.8231118379564522,0.8225901069592504
259,0.25925925925925924,0.8241071386877196,0.8226977766020566
260,0.2602602602602603,0.824429556461454,0.8227999686484484
261,0.26126126126126126,0.8249859715862199,0.8229000828182632
262,0.26226226226226224,0.8254603438839165,0.8230033334402018
263,0.26326326326326327,0.8256220719480701,0.8231127156784876
264,0.26426426426426425,0.8258796010364694,0.8232231578715138
265,0.2652652652652653,0.8251919061777988,0.823340997318442
266,0.26626626626626626,0.8248529248234799,0.8234541854235913
267,0.26726726726726724,0.8246992319760875,0.8235627219617061
268,0.2682682682682683,0.8246044926122047,0.8236912256097884
269,0.26926926926926925,0.8247432061151877,0.8238142333415477
270,0.2702702702702703,0.8248933892284581,0.8239381561767423
271,0.27127127127127126,0.8250603219969859,0.8240559548242399
272,0.27227227227227224,0.8252281676613739,0.8241740615739681
273,0.2732732732732733,0.8250303939502979,0.8242832796420879
274,0.27427427427427425,0.8246763371083088,0.8243955022703326
275,0.2752752752752753,0.8239564095523129,0.8245019724246161
276,0.27627627627627627,0.8241184403822539,0.8246052269753634
277,0.2772772772772773,0.8239959722196958,0.8247104969893496
278,0.2782782782782783,0.8242951375712846,0.8248091348276269
279,0.27927927927927926,0.8245829977015577,0.8248829506267324
280,0.2802802802802803,0.8247453765976815,0.8249430771228007
281,0.28128128128128127,0.8246310076112827,0.8249942702910072
282,0.2822822822822823,0.8251527329111709,0.8250302412419604
283,0.2832832832832833,0.8250458090140528,0.825070129941239
284,0.28428428428428426,0.8249388726127438,0.8250976745193114
285,0.2852852852852853,0.8248319237020901,0.8250976860411979
286,0.2862862862862863,0.824886100534312,0.8250914139821413
287,0.2872872872872873,0.8249612017049832,0.8250731988062879
288,0.2882882882882883,0.8250362903562972,0.82503862222066
289,0.28928928928928926,0.825157440002102,0.8249972462118322
290,0.2902902902902903,0.8252948919034117,0.8249498368022689
291,0.2912912912912913,0.8251403273528097,0.8249149277401616
292,0.2922922922922923,0.8249857366159296,0.8248856814511141
293,0.2932932932932933,0.8250360436638199,0.8248584647724343
294,0.29429429429429427,0.8251337708202469,0.8248321216987413
295,0.2952952952952953,0.8252862418193179,0.8248020746681076
296,0.2962962962962963,0.8254724230859579,0.8247738046025223
297,0.2972972972972973,0.8255702720956899,0.8247452107605888
298,0.2982982982982983,0.8256680998114788,0.824714705571416
299,0.29929929929929927,0.8260048361759692,0.8246894578221566
300,0.3003003003003003,0.8261027864505351,0.8246711581259675
301,0.3013013013013013,0.8263195884370734,0.8246621390190496
302,0.3023023023023023,0.826582055543676,0.8246516996531634
303,0.3033033033033033,0.8264902325567742,0.8246454180824687
304,0.30430430430430433,0.8257780445069323,0.8246357465803412
305,0.3053053053053053,0.8255787013458634,0.8246232222374553
306,0.3063063063063063,0.8252833077226036,0.8246115038486523
307,0.3073073073073073,0.825043801751216,0.8246073560910103
308,0.3083083083083083,0.8248928596595773,0.8245985201967888
309,0.30930930930930933,0.8245166114381403,0.824602322932073
310,0.3103103103103103,0.8241077263039309,0.8246112968359017
311,0.3113113113113113,0.8241096814495653,0.8246272282021085
312,0.3123123123123123,0.8240569976177027,0.8246443034250347
313,0.3133133133133133,0.8236969380168936,0.8246618514412049
314,0.31431431431431434,0.8235118954978574,0.8246745010261587
315,0.3153153153153153,0.8234617211487423,0.8246885423174996
316,0.3163163163163163,0.8234115440103202,0.8246975828389161
317,0.3173173173173173,0.8233613640820564,0.8247116025194092
318,0.3183183183183183,0.8233111813634163,0.8247308401257787
319,0.31931931931931934,0.8232609958538654,0.8247536365929288
320,0.3203203203203203,0.8232108075528688,0.8247762904594181
321,0.3213213213213213,0.8234516158836056,0.8247977279490962
322,0.32232232232232233,0.8236020360583797,0.8248126290243053
323,0.3233233233233233,0.8236724030135643,0.824826133715105
324,0.32432432432432434,0.8237427587380672,0.8248411036368543
325,0.3253253253253253,0.8237430526026571,0.824852177103102
326,0.3263263263263263,0.8234964350995014,0.8248547850564574
327,0.32732732732732733,0.8235860327220648,0.8248628876631031
328,0.3283283283283283,0.8236756121142683,0.8248718339536373
329,0.32932932932932935,0.8238018909627812,0.8248874744493736
330,0.3303303303303303,0.8239442562143722,0.824932151172871
331,0.3313313313313313,0.824147738768735,0.8249910158116754
332,0.33233233233233234,0.8244194719715411,0.8250574652986618
333,0.3333333333333333,0.8247021023058736,0.8251132771811264
334,0.33433433433433435,0.8252397485135466,0.825176394756838
335,0.3353353353353353,0.8253965417080036,0.8252478494905667
336,0.3363363363363363,0.825644423378636,0.8253190171221497
337,0.33733733733733734,0.8257569369035522,0.825395065968193
338,0.3383383383383383,0.8258561505296593,0.8254811871978032
339,0.33933933933933935,0.8256814191889413,0.8255771841001647
340,0.34034034034034033,0.8258735458604837,0.8256809332606402
341,0.34134134134134136,0.8257559584956605,0.8257905984129478
342,0.34234234234234234,0.825855331057956,0.825907280678708
343,0.3433433433433433,0.8259668545407702,0.8260270503691356
344,0.34434434434434436,0.8261986634884786,0.8261496000276507
345,0.34534534534534533,0.8262891180112023,0.8262659095004822
346,0.34634634634634637,0.8263795537929076,0.8263795322001047
347,0.34734734734734735,0.8262323779216183,0.8264865644754852
348,0.3483483483483483,0.8262590113264734,0.8265993903105548
349,0.34934934934934936,0.8264315658206883,0.826712636236803
350,0.35035035035035034,0.8265695829546054,0.8268263020893052
351,0.35135135135135137,0.826235792071657,0.8269361096914388
352,0.35235235235235235,0.8267328213760022,0.827046733988125
353,0.3533533533533533,0.827038316360917,0.8271530594453539
354,0.35435435435435436,0.8272878978393295,0.8272550860346678
355,0.35535535535535534,0.8280565574053009,0.8273594542134499
356,0.3563563563563564,0.8285807979248913,0.8274638619166403
357,0.35735735735735735,0.8286722315589037,0.8275573161172309
358,0.35835835835835833,0.8278902077569139,0.8276364394185949
359,0.35935935935935936,0.8281118560208742,0.827712047040192
360,0.36036036036036034,0.828160802858302,0.827773845319107
361,0.3613613613613614,0.8277372755146635,0.8278166933269074
362,0.36236236236236236,0.8279881725977699,0.827855662914535
363,0.36336336336336333,0.8284491803278158,0.8278973942903877
364,0.36436436436436437,0.8285927800373383,0.8279335426331181
365,0.36536536536536535,0.8288031026821113,0.827976192656043
366,0.3663663663663664,0.8290546439164249,0.8280131782583701
367,0.36736736736736736,0.8293623395640957,0.8280621589663154
368,0.3683683683683684,0.8294696182938647,0.8281116827567685
369,0.36936936936936937,0.8295612139476898,0.8281644012397363
370,0.37037037037037035,0.8291927789682657,0.8282154266025863
371,0.3713713713713714,0.8290055652336149,0.8282653766044769
372,0.37237237237237236,0.8289102619280074,0.8283160515192712
373,0.3733733733733734,0.8293561536469339,0.8283697932408408
374,0.3743743743743744,0.8294479452522249,0.8284248316577808
375,0.37537537537537535,0.8295397172156749,0.8284783051700364
376,0.3763763763763764,0.8293432403114693,0.8285245206506832
377,0.37737737737737737,0.8291382742304994,0.8285797828180553
378,0.3783783783783784,0.8290086310407394,0.8286298421902699
379,0.3793793793793794,0.8288789681692731,0.8286662342465393
380,0.38038038038038036,0.829124668080675,0.8286958456331412
381,0.3813813813813814,0.8292690490770809,0.8287084981308105
382,0.38238238238238237,0.8289139029988503,0.8287102301663404
383,0.3833833833833834,0.8284547603410986,0.8287200688069413
384,0.3843843843843844,0.8285580910073231,0.8287494888889837
385,0.38538538538538536,0.8283914607382269,0.8287762357782313
386,0.3863863863863864,0.8275817901058261,0.8288036954352984
387,0.38738738738738737,0.8276318723476436,0.8288395535778523
388,0.3883883883883884,0.8278852370720315,0.8288669507637411
389,0.3893893893893894,0.8276997160089166,0.8288902644346356
390,0.39039039039039036,0.8278565703581094,0.8289140871173958
391,0.3913913913913914,0.8277598115791565,0.828935042551383
392,0.3923923923923924,0.8282539746008744,0.8289523223356382
393,0.3933933933933934,0.8283810443710699,0.8289648252099568
394,0.3943943943943944,0.8286554971721299,0.8289704677381741
395,0.39539539539539537,0.8288009569938244,0.8289768284182806
396,0.3963963963963964,0.8288365681076177,0.8289835478122707
397,0.3973973973973974,0.8289639744474167,0.8289868356359489
398,0.3983983983983984,0.8289732057216723,0.8289939875896293
399,0.3993993993993994,0.8290659705904119,0.8289966352601404
400,0.40040040040040037,0.8291587149457237,0.8289951121356074
401,0.4014014014014014,0.8289265724675849,0.8289894182532062
402,0.4024024024024024,0.8290541626076453,0.8289721986522304
403,0.4034034034034034,0.8292858493589488,0.8289615179681135
404,0.4044044044044044,0.8288943112306619,0.8289495256920159
405,0.40540540540540543,0.8287980785560295,0.8289451185275728
406,0.4064064064064064,0.8287018347864327,0.8289420054296467
407,0.4074074074074074,0.82866913173691,0.8289345587056789
408,0.4084084084084084,0.8291740022295415,0.828932572863806
409,0.4094094094094094,0.8293906319410844,0.828938086912222
410,0.41041041041041043,0.8294759473725012,0.8289400718217588
411,0.4114114114114114,0.8295612453687213,0.8289332136131272
412,0.4124124124124124,0.8295660407849162,0.8289481777423887
413,0.4134134134134134,0.8293854290780911,0.8289612280258255
414,0.4144144144144144,0.8296381775434438,0.8289657338091655
415,0.41541541541541543,0.8298077368581007,0.8289676425189858
416,0.4164164164164164,0.8298718298154625,0.8289686844514748
417,0.4174174174174174,0.8299359129134503,0.8289719475020988
418,0.4184184184184184,0.8299999861543396,0.8289612779203498
419,0.4194194194194194,0.829757387232945,0.828944532943737
420,0.42042042042042044,0.8298856086331139,0.8289203711995666
421,0.4214214214214214,0.8295354680617616,0.8288915645498031
422,0.4224224224224224,0.8291732442412066,0.8288602666903503
423,0.42342342342342343,0.8292750115657105,0.8288246775144212
424,0.4244244244244244,0.8294911848430041,0.8287749303367268
425,0.42542542542542544,0.8293702659010364,0.8287281839665804
426,0.4264264264264264,0.8292493292132103,0.8286778230599743
427,0.4274274274274274,0.828465040661695,0.8286302177459202
428,0.42842842842842843,0.8285935593405381,0.8285783142425472
429,0.4294294294294294,0.8283970249597674,0.8285340487281457
430,0.43043043043043044,0.8286542027826742,0.8284924419023
431,0.4314314314314314,0.8289659000864511,0.8284552573063224
432,0.43243243243243246,0.8288892661547181,0.8284235759110241
433,0.43343343343343343,0.828812625063331,0.8283976107166222
434,0.4344344344344344,0.8287359768103155,0.8283668242388524
435,0.43543543543543545,0.8286593213936968,0.8283307427218134
436,0.4364364364364364,0.8280416920980196,0.828285787505801
437,0.43743743743743746,0.8283449606981598,0.8282364595394576
438,0.43843843843843844,0.8282974368029165,0.828188054041757
439,0.4394394394394394,0.8281150320223696,0.8281442063158959
440,0.44044044044044045,0.8277970602097595,0.8280964189730333
441,0.44144144144144143,0.8279097089150469,0.8280463230424489
442,0.44244244244244246,0.8279262271609815,0.8279970092730873
443,0.44344344344344344,0.8277098259316764,0.8279489811544714
444,0.4444444444444444,0.8275270505638183,0.8279040686925037
445,0.44544544544544545,0.8274232482194434,0.827863433897026
446,0.44644644644644643,0.8273318178558808,0.8278178819382165
447,0.44744744744744747,0.8272403772755296,0.8277767920983066
448,0.44844844844844844,0.8271489264750388,0.8277404006089717
449,0.4494494494494494,0.826436099659255,0.8276996091659043
450,0.45045045045045046,0.826681905712948,0.827652174150557
451,0.45145145145145144,0.8265903087088072,0.8276043302949943
452,0.45245245245245247,0.8264987014508214,0.8275604588530964
453,0.45345345345345345,0.826407083935624,0.8275332387471267
454,0.4544544544544544,0.8270283081244715,0.8275047715903356
455,0.45545545545545546,0.8267723631125332,0.8274792538307186
456,0.45645645645645644,0.8269016641611783,0.8274414643078557
457,0.4574574574574575,0.8270860836262154,0.8273817146281192
458,0.45845845845845845,0.8273449068224091,0.8273251672980321
459,0.45945945945945943,0.8276038918632851,0.8272718220889623
460,0.46046046046046046,0.8275504745720969,0.8272261050525813
461,0.46146146146146144,0.8271832313558612,0.8271794751428063
462,0.4624624624624625,0.8270455190852112,0.8271425393206783
463,0.46346346346346345,0.8270973604021907,0.8270987976565113
464,0.46446446446446443,0.827149195059175,0.8270584064302249
465,0.46546546546546547,0.8272010230574475,0.8270241466728864
466,0.46646646646646645,0.8272528443982912,0.826999393209411
467,0.4674674674674675,0.8273568275780243,0.8269787642730095
468,0.46846846846846846,0.8274864788640328,0.8269505490830131
469,0.4694694694694695,0.8277094505939921,0.8269292978798257
470,0.47047047047047047,0.8276850126635921,0.8269090435283367
471,0.47147147147147145,0.8275624587338211,0.8268959489718466
472,0.4724724724724725,0.8274398862263576,0.8268844802894701
473,0.47347347347347346,0.8273172782851262,0.8268654224584142
474,0.4744744744744745,0.8271946479692757,0.8268458740806952
475,0.4754754754754755,0.8270719990602935,0.8268392233752365
476,0.47647647647647645,0.8269302292673334,0.8268263675564416
477,0.4774774774774775,0.8270118856764188,0.8268106796362357
478,0.47847847847847846,0.8270768152572409,0.8267943542534447
479,0.4794794794794795,0.8271417343441878,0.8267773912291746
480,0.4804804804804805,0.8270956192193044,0.8267433939622083
481,0.48148148148148145,0.8267269371166613,0.8267138669793398
482,0.4824824824824825,0.825918666419892,0.8266781489151696
483,0.48348348348348347,0.8260053523202804,0.8266304843299355
484,0.4844844844844845,0.8260920194007776,0.8265704205129888
485,0.4854854854854855,0.826404407954877,0.8264951614437667
486,0.48648648648648646,0.8262811959951782,0.8264194830144569
487,0.4874874874874875,0.8261579651694871,0.8263495385365816
488,0.48848848848848847,0.8261141358256389,0.8262808272653391
489,0.4894894894894895,0.8262374842623097,0.8262096323256564
490,0.4904904904904905,0.8263677843981005,0.8261345137174794
491,0.49149149149149146,0.8265346335725138,0.8260604664895668
492,0.4924924924924925,0.8268576331585724,0.8259871162345738
493,0.4934934934934935,0.8264872524711627,0.8259134397866545
494,0.4944944944944945,0.8266260145691247,0.8258397617138225
495,0.4954954954954955,0.8264940786378797,0.8257570366770299
496,0.4964964964964965,0.8267554258384441,0.8256711160443472
497,0.4974974974974975,0.8267469150546829,0.8255843072472083
498,0.4984984984984985,0.8262684278916834,0.8255024742768872
499,0.4994994994994995,0.8261519592113669,0.8254256173223635
500,0.5005005005005005,0.8260969136808608,0.8253537388862274
501,0.5015015015015015,0.8260262589544021,0.8252852581843535
502,0.5025025025025025,0.8257902247783113,0.8252050181729812
503,0.5035035035035035,0.8256661069284855,0.8251184146279552
504,0.5045045045045045,0.8255419696978515,0.8250350884160529
505,0.5055055055055055,0.8252944475091902,0.8249530653510083
506,0.5065065065065065,0.8252664869862367,0.8248727611126092
507,0.5075075075075075,0.8250800428884961,0.8247960003926811
508,0.5085085085085085,0.8246551897792721,0.8247318072143701
509,0.5095095095095095,0.824281652158136,0.8246634558858271
510,0.5105105105105106,0.8237656793329574,0.8245909463859272
511,0.5115115115115115,0.8236908746773002,0.8245129232419207
512,0.5125125125125125,0.8236160629842108,0.8244424709420197
513,0.5135135135135135,0.8235412442518474,0.8243789559954299
514,0.5145145145145145,0.8234664184783673,0.8243089155495797
515,0.5155155155155156,0.8233181460421531,0.8242290668820911
516,0.5165165165165165,0.8234246144339018,0.8241372945928082
517,0.5175175175175175,0.8235119813936467,0.8240448309129754
518,0.5185185185185185,0.8235993287341455,0.8239479195120302
519,0.5195195195195195,0.8237288971495963,0.8238530821828648
520,0.5205205205205206,0.8234904737175737,0.8237518203187283
521,0.5215215215215215,0.8233030603967698,0.8236551843357882
522,0.5225225225225225,0.8231352100797429,0.8235526286719214
523,0.5235235235235235,0.8232664047399749,0.8234465334418974
524,0.5245245245245245,0.8233975736044155,0.8233525098757756
525,0.5255255255255256,0.8235288477263352,0.8232493197820078
526,0.5265265265265265,0.8235794832647297,0.8231494766697237
527,0.5275275275275275,0.8228379886873449,0.8230389365998858
528,0.5285285285285285,0.8225951048800891,0.8229356810405488
529,0.5295295295295295,0.8228271784502218,0.8228409239093994
530,0.5305305305305306,0.8229585580269153,0.8227511908535331
531,0.5315315315315315,0.8230001030609612,0.8226599542768396
532,0.5325325325325325,0.8228121404003194,0.8225759186557341
533,0.5335335335335335,0.8226448143260384,0.8225086585943174
534,0.5345345345345345,0.8225194345645864,0.8224549293986932
535,0.5355355355355356,0.8223940349058801,0.8224073774453216
536,0.5365365365365365,0.8224252276105416,0.8223677745257305
537,0.5375375375375375,0.8226881287002294,0.8223322406630108
538,0.5385385385385385,0.8229187028934094,0.8222949909756647
539,0.5395395395395395,0.8225420730872847,0.8222619033196324
540,0.5405405405405406,0.8221652022203872,0.822225139802902
541,0.5415415415415415,0.8216873976446643,0.8221875457802713
542,0.5425425425425425,0.8218189859010431,0.8221416103536373
543,0.5435435435435435,0.8219151517103681,0.8220953250951044
544,0.5445445445445445,0.8216505486837294,0.822043381704051
545,0.5455455455455456,0.821461659498157,0.8219908812473957
546,0.5465465465465466,0.8215656435079334,0.8219462638569303
547,0.5475475475475475,0.8215250869812428,0.821907929745951
548,0.5485485485485485,0.8213360583234642,0.8218702924150255
549,0.5495495495495496,0.8214732260194633,0.8218263364813797
550,0.5505505505505506,0.8208892644292083,0.8217866721013123
551,0.5515515515515516,0.8210049149543726,0.8217470450780333
552,0.5525525525525525,0.8203887153926728,0.8217082403604853
553,0.5535535535535535,0.8205241912521171,0.8216857170238886
554,0.5545545545545546,0.8208334932398714,0.8216696979715005
555,0.5555555555555556,0.8209655838486686,0.8216417883194136
556,0.5565565565565566,0.8206413820978284,0.8216083016882499
557,0.5575575575575575,0.8209806703098541,0.8215709989407911
558,0.5585585585585585,0.821649779756242,0.8215376106116666
559,0.5595595595595596,0.821915000802439,0.8215101174063875
560,0.5605605605605606,0.8218565025361758,0.8214893305373623
561,0.5615615615615616,0.8217459304338148,0.8214679723673776
562,0.5625625625625625,0.8218786476785955,0.8214373887876164
563,0.5635635635635635,0.8217163289295613,0.8214033950111342
564,0.5645645645645646,0.821853773794208,0.8213666244802043
565,0.5655655655655656,0.8215914791251159,0.8213415893898537
566,0.5665665665665666,0.821400850887989,0.8213193511710091
567,0.5675675675675675,0.821081907675563,0.821298957336481
568,0.5685685685685685,0.8211514332084661,0.8212715694500385
569,0.5695695695695696,0.8209502157904225,0.8212453259482121
570,0.5705705705705706,0.8210513738601789,0.8212268911989713
571,0.5715715715715716,0.8212149868038374,0.8212155630446768
572,0.5725725725725725,0.8213480207368269,0.8212064444439533
573,0.5735735735735735,0.8212157062025512,0.8212026925160759
574,0.5745745745745746,0.8210246521240332,0.8211951062443501
575,0.5755755755755756,0.8213746902209763,0.8211888436935134
576,0.5765765765765766,0.8215078695391039,0.8211945297638679
577,0.5775775775775776,0.8216004426697784,0.8211941733467164
578,0.5785785785785785,0.8216892985209155,0.8212053068157028
579,0.5795795795795796,0.821778133208302,0.8212155372202611
580,0.5805805805805806,0.8214037861937944,0.821221455778137
581,0.5815815815815816,0.8212507398375649,0.8212339517411031
582,0.5825825825825826,0.8210976629405603,0.8212589643887818
583,0.5835835835835835,0.8211093356149719,0.8212735459572831
584,0.5845845845845846,0.8212426608568014,0.821271523610293
585,0.5855855855855856,0.821459304244301,0.8212617804557333
586,0.5865865865865866,0.8213047682366625,0.8212506635013324
587,0.5875875875875876,0.8208654650427186,0.8212376416720576
588,0.5885885885885885,0.8209544460996379,0.8212157058813694
589,0.5895895895895896,0.8210434058159725,0.8211931670552188
590,0.5905905905905906,0.8212652834794089,0.8211678446828395
591,0.5915915915915916,0.8210310530593151,0.8211411102320664
592,0.5925925925925926,0.8206473120837264,0.8211130584806847
593,0.5935935935935935,0.8204222036924865,0.8210959323511932
594,0.5945945945945946,0.8205767331172183,0.8210786403305491
595,0.5955955955955956,0.8207103764724526,0.8210663489518226
596,0.5965965965965966,0.8208839236291332,0.8210531291278944
597,0.5975975975975976,0.8211005948710403,0.821037756097443
598,0.5985985985985985,0.8213337386594907,0.8210136438792033
599,0.5995995995995996,0.8209491584654489,0.8209956449064574
600,0.6006006006006006,0.8211538359267877,0.8209860124342694
601,0.6016016016016016,0.8211792540172829,0.8209664357684936
602,0.6026026026026026,0.8209867376796491,0.8209418039724562
603,0.6036036036036035,0.8209565223109802,0.8209019095950183
604,0.6046046046046046,0.8210459418845937,0.8208562194332951
605,0.6056056056056056,0.8211353396915382,0.82081143102992
606,0.6066066066066066,0.821602877959945,0.8207754941196268
607,0.6076076076076076,0.8219170271294416,0.8207437341022215
608,0.6086086086086087,0.8217243303034186,0.820716151381048
609,0.6096096096096096,0.821546640059742,0.8206895153769068
610,0.6106106106106106,0.8214180999198928,0.8206681783923081
611,0.6116116116116116,0.8212895378617318,0.8206478928100782
612,0.6126126126126126,0.8210818171407978,0.8206047559765507
613,0.6136136136136137,0.8207599223535019,0.8205621487529238
614,0.6146146146146146,0.8205668487958828,0.8205278427908249
615,0.6156156156156156,0.8205623328028708,0.8204842557067862
616,0.6166166166166166,0.8202280221356798,0.8204288463680552
617,0.6176176176176176,0.8199702115675291,0.8203749660255237
618,0.6186186186186187,0.820208475071495,0.8203255456154657
619,0.6196196196196196,0.8202695401556207,0.8202798849697234
620,0.6206206206206206,0.8203233554753636,0.8202241591344867
621,0.6216216216216216,0.8203771628398403,0.8201693967285656
622,0.6226226226226226,0.8204309622508147,0.8201138867002172
623,0.6236236236236237,0.8201182976066064,0.8200377945352717
624,0.6246246246246246,0.8202977585925098,0.8199540559125437
625,0.6256256256256256,0.820533396042442,0.8198749155016914
626,0.6266266266266266,0.8203762802664104,0.8197891979463958
627,0.6276276276276276,0.8202516479411945,0.8197004176849877
628,0.6286286286286287,0.8195658294204509,0.8196085753808479
629,0.6296296296296297,0.8193591002730312,0.8195084321522471
630,0.6306306306306306,0.8194939246361647,0.8193979762679806
631,0.6316316316316316,0.8195710037688452,0.8192884228734627
632,0.6326326326326326,0.8196309789498987,0.8191628290458284
633,0.6336336336336337,0.8196909441607116,0.8190201843304628
634,0.6346346346346347,0.8197508994037702,0.8188782262137468
635,0.6356356356356356,0.8201544746422657,0.8187287233951148
636,0.6366366366366366,0.8204247395505767,0.8185778713927125
637,0.6376376376376376,0.8191047897267589,0.8184225794460934
638,0.6386386386386387,0.8186924966377476,0.8182659622393991
639,0.6396396396396397,0.8192048420325979,0.8181084307687941
640,0.6406406406406406,0.8188204645300009,0.8179515814409137
641,0.6416416416416416,0.818439407204127,0.8177917163879623
642,0.6426426426426426,0.8182831555902041,0.817640832052247
643,0.6436436436436437,0.8181268711707687,0.8174924143314932
644,0.6446446446446447,0.8180935107596273,0.8173367358230847
645,0.6456456456456456,0.8177347155201425,0.8171826893301017
646,0.6466466466466466,0.817917493770483,0.817030247943612
647,0.6476476476476476,0.8180529121833606,0.8168778400404346
648,0.6486486486486487,0.8172198944588189,0.8167314821783197
649,0.6496496496496497,0.8170630689003594,0.8165974098914089
650,0.6506506506506506,0.8169129975119842,0.8164537360980109
651,0.6516516516516516,0.8167822406067118,0.8162976506910711
652,0.6526526526526526,0.8166514606854733,0.8161404907343456
653,0.6536536536536537,0.8163027801685244,0.8159831738778239
654,0.6546546546546547,0.8158492176523388,0.8158367033036898
655,0.6556556556556556,0.8154126917870019,0.8157032841656525
656,0.6566566566566566,0.8155481165711242,0.8155594117702817
657,0.6576576576576576,0.8151975927505936,0.8153892660033217
658,0.6586586586586587,0.8146421466457867,0.8152215068690422
659,0.6596596596596597,0.8144844663509063,0.8150572087798641
660,0.6606606606606606,0.8139219963095109,0.8148888224147856
661,0.6616616616616616,0.8137246477973787,0.8146987300456702
662,0.6626626626626626,0.8133696485841614,0.8145011257090551
663,0.6636636636636637,0.8130943395993874,0.8143254731499366
664,0.6646646646646647,0.8127258173526455,0.8141511862090113
665,0.6656656656656657,0.8125675330739773,0.8139570065239712
666,0.6666666666666666,0.812409215102352,0.81376553324072
667,0.6676676676676676,0.8125329210142064,0.8135775936853785
668,0.6686686686686687,0.8124009078090851,0.8133816945824205
669,0.6696696696696697,0.8122688711426582,0.8131832381242547
670,0.6706706706706707,0.8124131690134868,0.8129826920721877
671,0.6716716716716716,0.8125488447643912,0.8127804494790258
672,0.6726726726726726,0.8126043597777911,0.8125710781880807
673,0.6736736736736737,0.8129667112829507,0.812355888215276
674,0.6746746746746747,0.8132806109741573,0.8121595242103675
675,0.6756756756756757,0.8129703951292068,0.8119639742573028
676,0.6766766766766766,0.8125730402885176,0.8117691055647969
677,0.6776776776776777,0.8123611224734103,0.8115788690896526
678,0.6786786786786787,0.8122284882585885,0.8113721973222723
679,0.6796796796796797,0.8120958301396146,0.8111646949806897
680,0.6806806806806807,0.8125547242331216,0.810954724980065
681,0.6816816816816816,0.8121564324722598,0.8107493348440898
682,0.6826826826826827,0.8108935696538818,0.8105309588803358
683,0.6836836836836837,0.8110752631016422,0.8103230307647342
684,0.6846846846846847,0.8113117416126319,0.8101308663022171
685,0.6856856856856857,0.811163194784765,0.8099437566846592
686,0.6866866866866866,0.8104597638173796,0.8097571468533732
687,0.6876876876876877,0.8103469183832113,0.8095516322183877
688,0.6886886886886887,0.8101465092117184,0.809347740567459
689,0.6896896896896897,0.8098038626505618,0.8091514623791438
690,0.6906906906906907,0.8093016780955474,0.8089615482204332
691,0.6916916916916916,0.8090553270841847,0.8087634535725416
692,0.6926926926926927,0.808854489881714,0.8085650416703156
693,0.6936936936936937,0.8082923013393433,0.808356174836469
694,0.6946946946946947,0.8080055918043201,0.8081143847678836
695,0.6956956956956957,0.8078656621041997,0.8078791577744638
696,0.6966966966966966,0.8074203432688913,0.8076123563535936
697,0.6976976976976977,0.807239557932279,0.8073468404357812
698,0.6986986986986987,0.8070782235703228,0.8070578715265296
699,0.6996996996996997,0.807205330208486,0.8067577427322628
700,0.7007007007007007,0.8070900212940616,0.8064386348004315
701,0.7017017017017017,0.8069746941941831,0.8061058114387033
702,0.7027027027027027,0.8070801803743569,0.8057843656245764
703,0.7037037037037037,0.8061112005490675,0.8054586606438274
704,0.7047047047047047,0.8057201607478084,0.805122463069635
705,0.7057057057057057,0.8051407476204868,0.8047834254934175
706,0.7067067067067067,0.8049377948522639,0.8044223854472394
707,0.7077077077077077,0.8044109424196683,0.8040579052911224
708,0.7087087087087087,0.8045932588549171,0.8037090715145062
709,0.7097097097097097,0.8048417590574145,0.8033346987307607
710,0.7107107107107107,0.8049418758554546,0.8029515852556529
711,0.7117117117117117,0.804404894913919,0.8025703932348955
712,0.7127127127127127,0.8032434014131228,0.8022041918702288
713,0.7137137137137137,0.8029711743867953,0.8018315233289001
714,0.7147147147147147,0.8030841519953171,0.8014264011649572
715,0.7157157157157157,0.8030401952584012,0.801015957229552
716,0.7167167167167167,0.8024647060315117,0.8006041457858353
717,0.7177177177177178,0.8022902080888238,0.800191646655112
718,0.7187187187187187,0.8018807124880365,0.7997694815789939
719,0.7197197197197197,0.8000696143112201,0.799352493088325
720,0.7207207207207207,0.8002722944782487,0.7989235687044665
721,0.7217217217217217,0.7988062965491061,0.7984670815908507
722,0.7227227227227228,0.7990075329559604,0.7980147655533381
723,0.7237237237237237,0.7978669454059651,0.7975637783172943
724,0.7247247247247247,0.7976601427753336,0.7970889923971818
725,0.7257257257257257,0.7970061064507624,0.7966015864314183
726,0.7267267267267267,0.7959964036810726,0.7961135478820095
727,0.7277277277277278,0.796179303768043,0.7956150412851909
728,0.7287287287287287,0.7957501684552186,0.7951200497234389
729,0.7297297297297297,0.7950824119747706,0.7946467249155211
730,0.7307307307307307,0.7948049137525197,0.7941633661866031
731,0.7317317317317317,0.7941416818780344,0.7936888760993027
732,0.7327327327327328,0.7935679445102993,0.7932190501551313
733,0.7337337337337337,0.7931030470464603,0.7927365350549962
734,0.7347347347347347,0.791982251130618,0.792256552150513
735,0.7357357357357357,0.7917729543821365,0.7917631863513797
736,0.7367367367367368,0.7917224017261326,0.7912554075632527
737,0.7377377377377378,0.79178349421938,0.7907455376294232
738,0.7387387387387387,0.7913408227754488,0.7902544489116742
739,0.7397397397397397,0.7894852788506285,0.7897360770002475
740,0.7407407407407407,0.7888712219448998,0.7892003569071557
741,0.7417417417417418,0.7882992944659927,0.7886691029806331
742,0.7427427427427428,0.788017871417298,0.7881433928881342
743,0.7437437437437437,0.7873240709996848,0.7876129732560145
744,0.7447447447447447,0.7870258883152232,0.7870704977072687
745,0.7457457457457457,0.7861304482275382,0.7865683008406374
746,0.7467467467467468,0.7845848193097975,0.7860516309468969
747,0.7477477477477478,0.7843522253557473,0.7855469290901574
748,0.7487487487487487,0.7842392088940503,0.785038988863656
749,0.7497497497497497,0.7828641416445891,0.7845458525765531
750,0.7507507507507507,0.7823476259545495,0.784051039683635
751,0.7517517517517518,0.7822000552742056,0.783561804079122
752,0.7527527527527528,0.781550857756435,0.7830821914594959
753,0.7537537537537538,0.7818356107250027,0.7825898949910173
754,0.7547547547547547,0.781971635345262,0.7820911243145984
755,0.7557557557557557,0.78106886557299,0.7816024844389651
756,0.7567567567567568,0.7809417531681684,0.7811164001056421
757,0.7577577577577578,0.7809766716995198,0.7806402381743369
758,0.7587587587587588,0.779802672312775,0.7801695511812244
759,0.7597597597597597,0.7801141307262732,0.7796920347879605
760,0.7607607607607607,0.7796801033016164,0.7792080117889318
761,0.7617617617617618,0.7790451576609846,0.7787291693066443
762,0.7627627627627628,0.7784015282886075,0.7782503790548562
763,0.7637637637637638,0.778197876807926,0.7777716070440143
764,0.7647647647647647,0.7765342069040441,0.7773008856539222
765,0.7657657657657657,0.7757624272476332,0.7768636369653453
766,0.7667667667667668,0.7759462450057416,0.7764355174840329
767,0.7677677677677678,0.7756534913140672,0.7760178794989053
768,0.7687687687687688,0.7752388068507281,0.7755978817957875
769,0.7697697697697697,0.7742144595019961,0.7751814455027103
770,0.7707707707707707,0.7744575741130261,0.7747491827593955
771,0.7717717717717718,0.773922129897481,0.7743142842084625
772,0.7727727727727728,0.7730665018553934,0.7739124105315242
773,0.7737737737737738,0.7731025814043864,0.7734999113471334
774,0.7747747747747747,0.7727169947637138,0.7730901626055922
775,0.7757757757757757,0.7724246852365056,0.7726821649435127
776,0.7767767767767768,0.772055090620605,0.7722550263960049
777,0.7777777777777778,0.7715361600801383,0.7718126542865863
778,0.7787787787787788,0.7710721838756389,0.7713700532641417
779,0.7797797797797797,0.7703128639578537,0.7709030697062889
780,0.7807807807807807,0.7701617783174723,0.7703996969888448
781,0.7817817817817818,0.770014612753047,0.76989421038147
782,0.7827827827827828,0.7698574233814702,0.7693805596182879
783,0.7837837837837838,0.7695629078615666,0.7688510308969356
784,0.7847847847847848,0.7687497109899951,0.7683256039432518
785,0.7857857857857857,0.7672970781801557,0.7677726374507607
786,0.7867867867867868,0.767351987785472,0.7671774804354149
787,0.7877877877877878,0.7673040988849411,0.766588394992073
788,0.7887887887887888,0.7673661216664479,0.7659886470053373
789,0.7897897897897898,0.7673340318807432,0.7653704998136469
790,0.7907907907907907,0.7671855957332158,0.7647509583129126
791,0.7917917917917918,0.7670371283979701,0.7641104271760135
792,0.7927927927927928,0.7669997572244865,0.7634314369502765
793,0.7937937937937938,0.7665979885582896,0.7627489871237838
794,0.7947947947947948,0.7660858200527415,0.7620435445831026
795,0.7957957957957957,0.7649804884061664,0.7613212112207682
796,0.7967967967967968,0.7639506221299509,0.7605894770925561
797,0.7977977977977978,0.7640892617859424,0.7598558614531576
798,0.7987987987987988,0.7633147669518174,0.7590620948570453
799,0.7997997997997998,0.7633420230754483,0.7582088864849814
800,0.8008008008008007,0.7620562608785428,0.7573217136610086
801,0.8018018018018018,0.760563560031647,0.7564134767236954
802,0.8028028028028028,0.7596390776938595,0.7554704492651484
803,0.8038038038038038,0.758978205611755,0.7545377339045436
804,0.8048048048048048,0.7580194492745158,0.7535794257958386
805,0.8058058058058059,0.7562996267556131,0.75260998974498
806,0.8068068068068068,0.7552890485968716,0.7516131652812383
807,0.8078078078078078,0.7547455642458745,0.7506216263690244
808,0.8088088088088088,0.7539707069105547,0.7496048232168427
809,0.8098098098098098,0.753005897674902,0.7485516376129633
810,0.8108108108108109,0.7519128396092347,0.747476248943757
811,0.8118118118118118,0.749327095518981,0.746348904211779
812,0.8128128128128128,0.7490018000505412,0.7451966483870203
813,0.8138138138138138,0.7478143809650936,0.7440267527878565
814,0.8148148148148148,0.7466723700317179,0.7427844755061325
815,0.8158158158158159,0.7449375903665973,0.7415640210345622
816,0.8168168168168168,0.7430953392657741,0.7402927172800239
817,0.8178178178178178,0.7413177434931534,0.738990324904269
818,0.8188188188188188,0.7408485501629387,0.737650243085321
819,0.8198198198198198,0.7392612372759881,0.7363080595588722
820,0.8208208208208209,0.7373754580229436,0.7349418739084604
821,0.8218218218218218,0.7371391335742127,0.7335758834315449
822,0.8228228228228228,0.7365077322881635,0.7321805616411309
823,0.8238238238238238,0.7325844054536549,0.730703178616362
824,0.8248248248248248,0.7295889544291274,0.7291862112907047
825,0.8258258258258259,0.7274711807411075,0.7276184409587327
826,0.8268268268268268,0.7261046014335351,0.7260344134232877
827,0.8278278278278278,0.7239606902347004,0.7244150970671289
828,0.8288288288288288,0.723967676689289,0.7227681492228202
829,0.8298298298298298,0.7221984703316832,0.7211033084722535
830,0.8308308308308309,0.7208716253640597,0.719416187230322
831,0.8318318318318318,0.7193237306666448,0.7177105817121446
832,0.8328328328328328,0.7194461282301448,0.7159944477857014
833,0.8338338338338338,0.7180004626202039,0.7142474988572576
834,0.8348348348348348,0.7158504420637164,0.7124638470563599
835,0.8358358358358359,0.7139048888604752,0.7105325185870677
836,0.8368368368368369,0.7098024968492805,0.7085805917257924
837,0.8378378378378378,0.7085869407227755,0.7066626232185232
838,0.8388388388388388,0.7076394233275836,0.7046873968196908
839,0.8398398398398398,0.7040099802985305,0.7027065903063534
840,0.8408408408408409,0.7050908538306535,0.7006852385867648
841,0.8418418418418419,0.7023491042517651,0.698643473875617
842,0.8428428428428428,0.700615117234466,0.696572298011111
843,0.8438438438438438,0.6986555844581432,0.6944807826284249
844,0.8448448448448448,0.6981466287094004,0.6923220075882165
845,0.8458458458458459,0.6964103518817364,0.6901283929870388
846,0.8468468468468469,0.6953149740834722,0.6878994586749411
847,0.8478478478478478,0.6927892108188441,0.6855752843216614
848,0.8488488488488488,0.6887427275227301,0.6832123869736114
849,0.8498498498498498,0.6859494333432952,0.6809072931597586
850,0.8508508508508509,0.6833857361448746,0.6786143496575738
851,0.8518518518518519,0.6812708565708407,0.6762645732353909
852,0.8528528528528528,0.6779784258675502,0.6739070419823985
853,0.8538538538538538,0.6756447376341126,0.6714819855077924
854,0.8548548548548548,0.6740713273328539,0.6689528665570923
855,0.8558558558558559,0.6719762659360113,0.6663776573830551
856,0.8568568568568569,0.6693137453285708,0.6637203874631726
857,0.8578578578578578,0.6677662183482618,0.6610155633809596
858,0.8588588588588588,0.6656511688952453,0.6582061899215644
859,0.8598598598598598,0.6630044650647673,0.6552862085212176
860,0.8608608608608609,0.6545081457410016,0.6522873491206397
861,0.8618618618618619,0.6523645696841985,0.6491970526565134
862,0.8628628628628628,0.6515107016482528,0.6461177952391194
863,0.8638638638638638,0.6482652537100916,0.6428560544397112
864,0.8648648648648649,0.6467932487848851,0.6395497894220814
865,0.8658658658658659,0.6435834323326958,0.6362135223197506
866,0.8668668668668669,0.6408075900980584,0.6327160227057097
867,0.8678678678678678,0.6374653701759632,0.6291565699203596
868,0.8688688688688688,0.6346504589761677,0.6254800766025026
869,0.8698698698698699,0.630751023112309,0.6216453544820526
870,0.8708708708708709,0.6273868926159278,0.6176997164680252
871,0.8718718718718719,0.6236998081059612,0.6136153921552778
872,0.8728728728728729,0.618606241556944,0.6094306026352793
873,0.8738738738738738,0.6159999675376154,0.6052480201919545
874,0.8748748748748749,0.615024620947164,0.6009525282308781
875,0.8758758758758759,0.6126488358177108,0.5965572680969987
876,0.8768768768768769,0.6076325832097749,0.592047284908306
877,0.8778778778778779,0.6058705075309202,0.5874219491578897
878,0.8788788788788788,0.6002828100297951,0.5827746203397269
879,0.8798798798798799,0.5949826102035778,0.5780715717092539
880,0.8808808808808809,0.5908628024557865,0.5732866603795577
881,0.8818818818818819,0.5853508594500524,0.5684837594430473
882,0.8828828828828829,0.5813777024737803,0.5635933418233452
883,0.8838838838838838,0.5761680818009985,0.5586840675717297
884,0.8848848848848849,0.5690814112025115,0.5536857919513286
885,0.8858858858858859,0.5629086126342447,0.5485583994009432
886,0.8868868868868869,0.5562997691900392,0.5435211137963875
887,0.8878878878878879,0.5527603685621801,0.538395290994046
888,0.8888888888888888,0.5422381599529499,0.5332086141590586
889,0.8898898898898899,0.5390199074284723,0.5278988674258931
890,0.8908908908908909,0.5338603580796604,0.5225687790953947
891,0.8918918918918919,0.5267183735145726,0.517239786592328
892,0.8928928928928929,0.5208170121989063,0.5117749736980071
893,0.8938938938938938,0.5131139580237595,0.5063112413643674
894,0.8948948948948949,0.5030847563151863,0.5008059385499886
895,0.8958958958958959,0.4969190899940098,0.49518299567950186
896,0.8968968968968969,0.48810981193161773,0.4895760459763204
897,0.8978978978978979,0.4818907085635456,0.48389333485363845
898,0.8988988988988988,0.4794775062092716,0.4782107657039603
899,0.8998998998998999,0.4696726375078307,0.4723955651850072
900,0.9009009009009009,0.46179116651545427,0.46655927853039125
901,0.9019019019019019,0.45337659352155046,0.46064003538148296
902,0.9029029029029029,0.44537873329960764,0.4546484953413058
903,0.9039039039039038,0.4409646561412457,0.4484326345181467
904,0.9049049049049049,0.43578925747998926,0.4422211333350139
905,0.9059059059059059,0.4300408495183502,0.435937333571583
906,0.9069069069069069,0.42702831817398007,0.4295740383634209
907,0.9079079079079079,0.4199024467237706,0.4231570187189509
908,0.9089089089089089,0.4173932315158722,0.4167088762338754
909,0.9099099099099099,0.4107391122547888,0.4102349528817937
910,0.9109109109109109,0.4015074449951071,0.4036606391901619
911,0.9119119119119119,0.39760657990865883,0.3970207547912271
912,0.9129129129129129,0.39094760676478485,0.39034068806405786
913,0.9139139139139139,0.3869901830638962,0.38357761530137424
914,0.914914914914915,0.3774681703186474,0.3767709518041418
915,0.9159159159159159,0.3749587439294639,0.3697739027215866
916,0.9169169169169169,0.3718048146762986,0.36248140815949437
917,0.9179179179179179,0.36210213248769113,0.35518738874119166
918,0.9189189189189189,0.35881502116033653,0.34772361697776205
919,0.91991991991992,0.35388001544284753,0.34016244290491565
920,0.9209209209209209,0.34398093671748975,0.33256710069040424
921,0.9219219219219219,0.3414324577536697,0.32498619681160906
922,0.9229229229229229,0.33388154084918126,0.3173000612363233
923,0.9239239239239239,0.3287952149233619,0.30961041852149074
924,0.924924924924925,0.31942474107100677,0.3017884898556473
925,0.9259259259259259,0.31737400156175033,0.29409216902215185
926,0.9269269269269269,0.31076743522338623,0.28646152640181677
927,0.9279279279279279,0.30206404116074037,0.2787512867201109
928,0.9289289289289289,0.2888616055498036,0.27104015643975443
929,0.92992992992993,0.2834962496900248,0.2632111975355246
930,0.9309309309309309,0.27450882226860124,0.2553915437609858
931,0.9319319319319319,0.26633474683952213,0.24756730422998197
932,0.9329329329329329,0.25808285758208166,0.23968763050392253
933,0.933933933933934,0.25252243573492866,0.2318539426318036
934,0.934934934934935,0.2459979908448259,0.2240101784820081
935,0.9359359359359359,0.23379141292928948,0.21619148393259421
936,0.9369369369369369,0.2242745082885738,0.20853780689039472
937,0.9379379379379379,0.21561636610440796,0.20090579875121886
938,0.938938938938939,0.2078436576653188,0.19339231963186113
939,0.93993993993994,0.1950983215940928,0.1859439041411183
940,0.9409409409409409,0.18217040421815794,0.17866612081163502
941,0.9419419419419419,0.16194313541295743,0.17142145472062914
942,0.9429429429429429,0.15472338318113535,0.16421626856444402
943,0.943943943943944,0.14016465226399666,0.15717574563514047
944,0.944944944944945,0.12749408030859358,0.15014015698493777
945,0.9459459459459459,0.11572230337510572,0.14320133315272507
946,0.9469469469469469,0.11029299217545269,0.13645660890336253
947,0.9479479479479479,0.09611689759204275,0.12976185482976116
948,0.948948948948949,0.08971893010708452,0.12321515795036547
949,0.94994994994995,0.08055914425125753,0.11676819295186819
950,0.950950950950951,0.07716027499956415,0.11050496273478962
951,0.9519519519519519,0.07262839287836323,0.10428194309632392
952,0.9529529529529529,0.060154369754550456,0.09818846397429674
953,0.953953953953954,0.05211108900142579,0.09226563963781163
954,0.954954954954955,0.04168775202552612,0.08660168658781549
955,0.955955955955956,0.03698691497850807,0.08104293659389344
956,0.9569569569569569,0.031004633437158226,0.07566041066705811
957,0.9579579579579579,0.025164958144948422,0.07043816072902825
958,0.958958958958959,0.02038436524570421,0.0653777125411443
959,0.95995995995996,0.01736125987630258,0.0604262922326163
960,0.960960960960961,0.011985690234678718,0.055602802216051087
961,0.9619619619619619,0.011169915842935155,0.05101865686449639
962,0.9629629629629629,0.008374164810690456,0.04662111748628906
963,0.963963963963964,0.0077601716775410005,0.0423933456018889
964,0.964964964964965,0.007120993036010916,0.03831797976531402
965,0.965965965965966,0.0063012205150000545,0.034492522479155345
966,0.9669669669669669,0.005480773288162594,0.030920553768995385
967,0.9679679679679679,0.004340320710857331,0.027745198172662886
968,0.968968968968969,0.0030354630932109003,0.0247114063455818
969,0.96996996996997,0.0,0.021963079830601473
970,0.970970970970971,0.0,0.01946319590298199
971,0.9719719719719719,0.0,0.017194131130921095
972,0.9729729729729729,0.0,0.015031523441206337
973,0.973973973973974,0.0,0.01314687839038197
974,0.974974974974975,0.0,0.01138768368239992
975,0.975975975975976,0.0,0.009808092618649771
976,0.9769769769769769,0.0,0.008295146050030866
977,0.9779779779779779,0.0,0.006871059915161
978,0.978978978978979,0.0,0.005691562468993343
979,0.97997997997998,0.0,0.004669776410141858
980,0.980980980980981,0.0,0.0038523695076805612
981,0.9819819819819819,0.0,0.003127135880650991
982,0.9829829829829829,0.0,0.002519201891687105
983,0.983983983983984,0.0,0.002025771339825371
984,0.984984984984985,0.0,0.0016260779036350922
985,0.985985985985986,0.0,0.0012856610433154337
986,0.986986986986987,0.0,0.0010506475093021257
987,0.9879879879879879,0.0,0.0008316295515975148
988,0.988988988988989,0.0,0.0006674302415839765
989,0.98998998998999,0.0,0.0005152700126125842
990,0.990990990990991,0.0,0.00037564269818099764
991,0.991991991991992,0.0,0.00025208935474962404
992,0.992992992992993,0.0,0.00014462321184447512
993,0.993993993993994,0.0,5.951888418060589e-05
994,0.994994994994995,0.0,0.0
995,0.995995995995996,0.0,0.0
996,0.996996996996997,0.0,0.0
997,0.997997997997998,0.0,0.0
998,0.998998998998999,0.0,0.0
999,1.0,0.0,0.0
